category,file_name,label
Services And Channels,seo,SEO
Services And Channels,google-ads,Google Ads
Services And Channels,meta-ads,Meta Ads
Services And Channels,social-media,Social Media
Services And Channels,local-listings,Local Listings
Services And Channels,content,Content
Services And Channels,keywords,Keywords
Services And Channels,analytics,Analytics
Services And Channels,conversion,Conversion
Services And Channels,remarketing,Remarketing
Services And Channels,website,Website
Services And Channels,email,Email
Metrics And Process,budget,Budget
Metrics And Process,growth,Growth
Metrics And Process,audience,Audience
Metrics And Process,ai,AI
Metrics And Process,reporting,Reporting
Metrics And Process,strategy,Strategy
Metrics And Process,setup,Setup
Metrics And Process,speed,Speed
Metrics And Process,reviews,Reviews
Metrics And Process,trust,Trust
Metrics And Process,backlinks,Backlinks
Metrics And Process,timeline,Timeline
Competitors And Market,benchmark,Benchmark
Competitors And Market,market-share,Market Share
Competitors And Market,versus,Versus
Competitors And Market,rankings,Rankings
Competitors And Market,winner,Winner
Competitors And Market,insights,Insights
Competitors And Market,compare,Compare
Competitors And Market,matrix,Matrix
Competitors And Market,market,Market
Competitors And Market,positioning,Positioning
Competitors And Market,gap,Gap
Competitors And Market,balance,Balance
Brand And USP,usp,USP
Brand And USP,idea,Idea
Brand And USP,award,Award
Brand And USP,values,Values
Brand And USP,palette,Palette
Brand And USP,quote,Quote
Brand And USP,direction,Direction
Brand And USP,launch,Launch
Brand And USP,premium,Premium
Brand And USP,voice,Voice
Brand And USP,story,Story
Brand And USP,messaging,Messaging
Success And KPIs,kpi,KPI
Success And KPIs,roi,ROI
Success And KPIs,leads,Leads
Success And KPIs,clicks,Clicks
Success And KPIs,reach,Reach
Success And KPIs,cost,Cost
Success And KPIs,rate,Rate
Success And KPIs,calls,Calls
Success And KPIs,bookings,Bookings
Success And KPIs,goal-hit,Goal Hit
Success And KPIs,checklist,Checklist
Success And KPIs,revenue,Revenue
Trust And Proof,privacy,Privacy
Trust And Proof,verified,Verified
Trust And Proof,testimonial,Testimonial
Trust And Proof,approval,Approval
Trust And Proof,support,Support
Trust And Proof,contract,Contract
Trust And Proof,experience,Experience
Trust And Proof,case-study,Case Study
Trust And Proof,guarantee,Guarantee
Trust And Proof,team,Team
Trust And Proof,partnership,Partnership
Trust And Proof,security,Security
Business And Industry,company,Company
Business And Industry,retail,Retail
Business And Industry,services,Services
Business And Industry,e-commerce,E-commerce
Business And Industry,product,Product
Business And Industry,property,Property
Business And Industry,health,Health
Business And Industry,trades,Trades
Business And Industry,online,Online
Business And Industry,invoice,Invoice
Business And Industry,regions,Regions
Business And Industry,finance,Finance
Creative And Social,ad-creative,Ad Creative
Creative And Social,video,Video
Creative And Social,photo,Photo
Creative And Social,hashtag,Hashtag
Creative And Social,chat,Chat
Creative And Social,mobile,Mobile
Creative And Social,play,Play
Creative And Social,pin,Pin
Creative And Social,alerts,Alerts
Creative And Social,influencer,Influencer
Creative And Social,copywriting,Copywriting
Creative And Social,audio,Audio
Tech And Optimisation,ab-test,A/B Test
Tech And Optimisation,landing-page,Landing Page
Tech And Optimisation,workflow,Workflow
Tech And Optimisation,crm,CRM
Tech And Optimisation,dashboard,Dashboard
Tech And Optimisation,heatmap,Heatmap
Tech And Optimisation,code,Code
Tech And Optimisation,sitemap,Sitemap
Tech And Optimisation,ai-assistant,AI Assistant
Tech And Optimisation,audit,Audit
Tech And Optimisation,search-bar,Search Bar
Tech And Optimisation,integrations,Integrations
Status,check,Check
Status,cross,Cross
